10,false,true,true,true
20,false,true,true,true
30,false,true,true,true
40,false,true,true,true
50,false,true,true,true
60,false,true,true,true
70,false,true,true,true
80,false,true,true,true
130,false,true,true,true
220,false,true,true,true
240,false,true,true,true
280,false,true,true,true
300,false,true,true,true
320,false,true,true,true
340,false,true,true,true
360,false,true,true,true
380,false,true,true,true
400,false,true,true,true
420,false,true,true,true
440,false,true,true,true
500,true,true,true,false
550,true,true,true,true
570,false,true,true,true
620,true,true,true,true
630,false,true,false,false
730,true,true,true,true
1200,false,true,true,true
1250,false,true,true,true
1500,false,true,true,true
1510,false,true,true,true
1520,false,true,true,true
1530,false,true,true,false
1700,false,true,false,false
1840,false,true,false,false
1900,false,true,true,true
1930,false,true,true,true
2100,false,true,false,false
2200,false,true,false,false
2210,false,true,false,false
2270,false,true,false,false
2280,true,true,false,false
2290,false,true,false,false
2300,true,true,false,false
2310,false,true,false,false
2320,false,true,false,false
2330,false,true,false,false
2360,false,true,false,false
2400,false,true,false,false
2420,false,true,false,false
2500,false,true,true,false
2590,false,true,false,false
2600,false,true,false,false
2620,false,true,false,false
2630,false,true,true,false
2640,false,true,false,false
2700,false,true,true,false
2800,false,true,false,false
2810,false,true,true,true
2820,true,true,true,true
2840,false,true,false,false
2850,false,true,false,false
2870,true,true,true,true
2990,false,true,false,false
3130,false,true,false,false
3170,false,true,true,false
3270,false,true,false,false
3320,false,true,false,false
3480,false,true,true,false
3483,false,true,false,false
3590,false,true,true,false
3700,false,true,false,false
3720,false,true,false,false
3730,false,true,false,false
3830,false,true,true,true
3900,false,true,true,false
3910,false,true,false,false
3920,false,true,false,false
3990,false,true,true,false
4000,false,true,true,true
4500,false,true,false,false
4560,false,true,false,false
4570,false,true,false,false
4580,false,true,false,false
4700,false,true,true,true
4720,false,true,false,false
4760,false,true,false,false
4770,false,true,false,false
4780,false,true,true,true
4850,false,true,false,false
6000,false,true,false,false
6010,false,true,true,false
6020,false,true,true,false
6030,false,true,true,false
6060,false,true,false,false
6120,true,true,true,true
6220,false,true,false,false
6310,false,true,false,false
6370,false,true,false,false
6510,false,true,false,false
6550,false,true,false,false
6800,false,true,false,false
6810,false,true,false,false
6830,false,true,false,false
6840,false,true,false,false
6850,false,true,false,false
6860,false,true,false,false
6870,false,true,false,false
6880,false,true,false,false
6900,false,true,false,false
6910,false,true,false,false
6920,false,true,false,false
6980,false,true,false,false
7000,false,true,false,false
7520,true,true,true,false
7600,false,true,true,false
7650,false,true,false,false
7660,false,true,false,false
7670,false,true,false,false
7760,false,true,false,false
7830,false,true,false,false
7940,false,true,true,false
8000,false,true,false,false
8080,false,true,false,false
8140,false,true,false,false
8170,false,true,false,false
8190,true,true,false,false
8230,false,true,false,false
8500,false,true,true,false
8600,false,true,false,false
8800,false,true,true,false
8850,true,true,false,false
8870,true,true,true,true
8930,false,true,true,true
8980,false,true,false,false
9000,false,true,false,false
9010,false,true,false,false
9030,false,true,false,false
9050,false,true,false,false
9160,false,true,false,false
9180,false,true,false,false
9200,false,true,false,false
9310,false,true,false,false
9340,false,true,false,false
9350,false,true,false,false
9420,false,true,false,false
9450,false,true,false,false
9460,false,true,false,false
9480,false,true,false,true
9880,false,true,false,false
10090,false,true,false,false
10150,false,true,false,false
10180,false,true,true,false
10500,false,true,true,true
10680,false,true,false,false
11020,false,true,false,false
11200,false,true,true,false
11450,false,true,true,true
12100,false,true,false,false
12110,false,true,false,false
12120,false,true,false,false
12140,false,true,false,false
12150,false,true,false,false
12170,false,true,false,false
12180,false,true,false,false
12200,false,true,false,false
12210,false,true,false,false
12220,false,true,false,false
12320,false,true,false,false
12360,false,true,false,false
12710,false,true,true,true
12770,true,true,false,false
12810,false,true,true,true
12830,false,true,false,false
12900,true,true,false,false
13140,false,true,false,false
13200,false,true,false,false
13210,false,true,false,false
13230,false,true,false,false
13240,false,true,false,false
13250,false,true,false,false
13500,false,true,false,false
13520,false,true,false,false
13530,false,true,false,false
13560,false,true,false,false
13570,false,true,false,false
13580,false,true,false,false
13600,false,true,false,false
15100,false,true,false,false
15120,false,true,false,false
15130,false,true,false,false
15170,false,true,false,false
15320,false,true,false,false
15370,false,true,false,false
15560,true,true,false,true
15620,false,true,true,true
15700,false,true,false,false
15710,false,true,false,false
15740,false,true,false,false
15750,false,true,false,false
16720,false,true,true,false
16730,false,true,false,false
16810,false,true,true,false
16900,false,true,false,false
17080,false,true,false,false
17300,false,true,false,false
17330,false,true,false,false
17390,false,true,false,false
17410,true,true,false,false
17430,false,true,false,false
17440,false,true,false,false
17450,false,true,false,false
17460,false,true,false,false
17470,true,true,false,false
17480,false,true,false,false
17500,false,true,false,true
17570,false,true,true,true
17580,false,true,false,true
17710,false,true,true,true
18500,true,true,false,false
18700,false,true,true,true
19830,false,true,false,false
19900,false,true,false,false
19980,false,true,false,false
20500,true,true,false,false
20510,false,true,false,false
20530,false,true,false,false
20540,false,true,false,false
20550,false,true,false,false
20570,false,true,true,true
20820,false,true,true,true
20900,false,true,true,false
20920,false,true,true,true
21000,true,true,false,false
21090,false,true,false,false
21100,false,true,false,false
21130,true,true,false,false
21670,false,true,false,false
21680,false,true,false,false
21690,true,true,false,false
21980,false,true,false,false
22000,false,true,true,true
22100,false,true,false,false
22120,false,true,true,true
22180,false,true,true,true
22200,false,true,false,false
22230,false,true,false,false
22300,false,true,false,false
22320,false,true,false,false
22330,false,true,false,false
22340,false,true,false,false
22350,false,true,false,false
22370,false,true,false,false
22490,false,true,false,false
22600,false,true,true,true
22610,false,true,false,false
22650,false,true,false,false
22670,false,true,false,false
23310,false,true,false,false
23450,false,true,false,false
23490,false,true,false,false
24010,true,true,false,false
24200,false,true,false,false
24240,false,true,false,false
24400,false,true,false,false
24420,false,true,false,true
24720,false,true,false,false
24740,false,true,false,false
24780,false,true,true,false
24790,false,true,false,false
24800,false,true,false,false
24810,false,true,false,false
24840,false,true,false,false
24870,false,true,false,false
24960,false,true,false,false
24980,false,true,false,false
25000,false,true,true,true
25800,false,true,true,false
25890,false,true,true,false
25900,false,true,true,false
25980,false,true,false,false
26500,false,true,true,true
26800,true,true,true,true
26900,false,true,true,false
28000,false,true,false,false
29180,false,true,true,true
29800,false,true,true,false
31170,false,true,false,false
31270,false,true,true,false
31280,false,true,true,false
31290,false,true,true,false
32360,true,true,false,false
32370,false,true,true,false
32380,false,true,false,false
32390,false,true,false,false
32400,false,true,true,false
32420,false,true,false,false
32430,false,true,true,false
32440,true,true,false,false
32460,true,true,false,false
32470,false,true,false,false
32500,false,true,false,false
32510,false,true,false,false
32800,false,true,false,false
33100,false,true,false,false
33110,false,true,false,false
33120,false,true,false,false
33210,false,true,false,false
33230,false,true,false,false
33320,false,true,false,false
33460,false,true,false,false
33520,false,true,false,false
33900,false,true,false,false
33930,false,true,false,false
34010,false,true,false,false
34030,false,true,true,false
34270,true,true,true,true
34600,false,true,false,false
34830,false,true,false,false
34870,true,true,false,false
34900,false,true,false,false
35000,false,true,false,false
35130,false,true,false,false
35140,false,true,false,false
35450,false,true,false,false
35460,false,true,false,false
35480,false,true,true,true
35700,true,true,true,true
35720,true,true,true,true
37400,false,true,false,false
38400,false,true,false,false
38410,false,true,false,false
38420,false,true,false,false
38600,false,true,true,false
38700,true,true,true,true
38740,true,true,true,true
39000,false,true,false,false
39120,false,true,false,false
39140,false,true,false,false
39150,false,true,false,false
39190,false,true,false,false
39200,false,true,false,false
39210,false,true,false,false
39500,false,true,false,false
39510,false,true,false,false
39540,false,true,false,false
39650,false,true,false,false
39660,false,true,false,false
39680,false,true,false,false
39690,false,true,false,false
39800,true,true,true,true
40100,false,true,false,false
40300,false,true,false,false
40390,false,true,false,false
40400,false,true,true,true
40700,true,true,true,false
40800,true,true,true,true
40950,false,true,false,false
40960,false,true,false,false
40970,false,true,false,false
40980,false,true,false,false
40990,false,true,false,false
41000,false,true,false,false
41060,false,true,false,false
41070,true,true,true,true
41100,false,true,true,true
41300,false,true,true,true
41500,false,true,true,false
41700,false,true,false,false
41900,false,true,true,true
42120,false,true,false,false
42170,false,true,true,false
42500,false,true,false,false
42670,false,true,false,false
42700,false,true,false,false
42910,true,true,false,false
42960,false,true,false,false
42990,false,true,false,false
43000,false,true,false,false
44350,true,true,false,false
44360,false,true,false,false
45200,false,true,false,false
45700,true,true,false,false
45740,false,true,false,false
45760,true,true,false,false
45770,false,true,false,false
46500,false,true,true,false
46510,false,true,true,false
47400,false,true,true,true
47410,false,true,false,false
47700,false,true,false,false
47780,false,true,false,false
47790,false,true,false,false
47800,false,true,false,false
47810,false,true,false,false
47870,false,true,false,false
47890,false,true,false,false
48000,true,true,true,true
48190,false,true,false,false
48220,false,true,false,false
48240,false,true,false,false
48700,false,true,true,true
48720,false,true,false,false
48950,false,true,false,false
49520,true,true,true,true
49540,true,true,false,false
49600,true,true,true,true
50130,false,true,false,false
50300,true,true,true,true
50620,false,true,false,false
55040,false,true,true,true
55100,false,true,false,false
55110,false,true,false,false
55140,false,true,false,false
55150,true,true,false,false
55230,false,true,false,true
57300,true,true,true,true
57650,false,true,false,false
57690,false,true,false,false
57740,false,true,true,true
57900,false,true,true,false
58520,false,true,false,false
58610,false,true,true,true
61700,false,true,false,false
63000,true,true,true,true
63200,false,true,false,false
63380,false,true,false,false
63500,false,true,true,false
63700,false,true,true,false
63710,true,true,true,false
63910,false,true,false,false
63940,false,true,false,false
64000,false,true,false,false
65540,false,true,false,false
65560,false,true,false,false
65600,false,true,false,false
65730,false,true,false,false
65740,false,true,false,false
65780,false,true,false,false
65790,false,true,false,false
65800,true,true,true,true
65930,true,true,true,false
65980,false,true,true,true
67370,false,true,true,false
70000,false,true,false,false
70100,false,true,true,true
70120,false,true,true,true
70600,false,true,false,false
70620,false,true,true,false
70660,false,true,false,false
71230,false,true,false,false
71340,true,true,false,false
72000,true,true,false,true
72200,false,true,false,false
72850,false,true,false,false
73010,false,true,true,true
73020,false,true,false,false
73170,false,true,false,false
78000,false,true,true,false
91200,true,true,true,true
91330,false,true,false,false
91600,false,true,true,false
91700,false,true,false,false
92000,false,true,false,false
92100,false,true,false,false
92800,false,true,true,true
93200,false,true,true,true
94200,true,true,true,false
94400,true,true,true,false
94590,false,true,true,false
95300,false,true,true,true
95400,true,true,false,true
96000,false,true,true,true
96100,true,true,false,false
96200,false,true,false,true
96800,false,true,false,false
97000,false,true,true,true
97100,false,true,false,false
97330,false,true,false,false
98200,false,true,true,true
98300,false,true,false,false
98400,false,true,false,false
98800,false,true,true,true
98900,false,true,false,false
99300,true,true,false,false
99700,false,true,true,true
99900,false,true,true,false
99910,false,true,true,false
102500,false,true,false,false
102600,false,true,false,false
102840,true,true,true,true
104200,false,true,false,false
104900,true,true,false,false
105000,false,true,true,false
105450,false,true,false,false
105600,true,true,true,true
107100,true,true,true,true
107200,false,true,true,true
107300,true,true,false,false
107310,true,true,false,false
107410,false,true,false,false
107800,false,true,true,true
108200,false,true,true,false
108210,false,true,false,false
108500,true,true,false,false
108600,false,true,true,true
108710,true,true,false,false
108800,false,true,false,false
109600,false,true,false,false
110800,false,true,false,false
111600,false,true,false,false
111800,true,true,false,true
111900,true,true,false,false
113020,true,true,false,true
113200,false,true,true,false
113400,false,true,false,false
113420,false,true,false,false
115100,false,true,true,true
115110,false,true,true,true
115120,true,true,false,false
115320,false,true,false,false
115800,true,true,true,true
200010,true,true,false,false
200170,false,true,false,false
200210,false,true,true,false
200260,false,true,false,false
200390,false,true,true,true
200510,true,true,false,true
200710,false,true,true,true
200900,false,true,false,true
201210,false,true,true,false
201420,true,true,true,true
201480,false,true,false,false
201570,false,true,false,false
201790,true,true,false,false
201810,false,true,false,false
201830,false,true,true,false
201870,false,true,false,false
202170,true,true,false,false
202750,true,true,false,false
202970,true,true,false,false
203140,false,true,false,false
203160,true,true,true,true
203290,false,true,false,false
203630,false,true,false,false
203680,false,true,false,false
203750,true,true,false,false
203770,false,true,true,true
203830,false,true,true,false
204030,false,true,false,false
204060,false,true,true,true
204100,false,true,false,false
204120,true,true,false,false
204180,false,true,true,true
204240,true,true,true,true
204300,true,true,true,true
204340,false,true,false,false
204360,true,true,true,false
204450,true,true,false,false
204530,false,true,false,false
204630,true,true,true,true
204880,false,true,false,false
205020,false,true,true,false
205190,false,true,false,false
205230,true,true,false,false
205650,false,true,false,false
205710,false,true,false,false
205730,true,true,true,true
205910,true,true,true,true
205950,true,true,false,false
206190,false,true,true,true
206210,false,true,false,false
206420,true,true,false,true
206440,true,true,true,true
206480,false,true,true,false
206500,false,true,false,false
206610,false,true,true,false
206690,false,true,true,true
207080,false,true,true,false
207140,true,true,true,true
207150,false,true,false,false
207170,false,true,true,true
207230,false,true,false,false
207350,false,true,false,false
207420,true,true,true,true
207490,true,true,false,false
207570,false,true,true,true
207610,true,true,true,false
207650,true,true,true,true
207690,false,true,true,false
208090,false,true,false,false
208140,false,true,true,false
208200,false,true,false,false
208480,false,true,false,false
208500,false,true,false,false
208520,false,true,false,false
208580,true,true,true,true
208650,true,true,false,false
208670,false,true,true,false
208730,true,true,false,false
208750,true,true,true,true
209000,true,true,false,false
209080,false,true,true,true
209100,true,true,false,false
209160,true,true,false,false
209190,false,true,true,true
209540,true,true,true,true
209650,true,true,false,false
209670,true,true,true,false
209730,false,true,false,false
209790,false,true,true,true
209830,false,true,true,false
209870,false,true,false,false
210770,true,true,true,true
210970,false,true,true,false
211160,false,true,false,false
211360,false,true,true,false
211400,true,true,false,false
211420,false,true,false,false
211440,true,true,true,true
211500,false,true,false,false
211600,false,true,false,false
211740,false,true,false,false
211820,false,true,true,true
212010,false,true,false,false
212070,false,true,true,true
212390,false,true,false,false
212480,true,true,false,false
212500,false,true,true,false
212630,false,true,false,false
212680,false,true,true,true
212740,false,true,false,false
212800,false,true,true,true
213030,true,true,true,false
213330,true,true,false,false
213610,false,true,false,false
213650,false,true,true,false
213670,true,true,false,false
213850,false,true,false,false
214150,false,true,false,false
214170,false,true,false,false
214250,false,true,false,false
214340,false,true,true,true
214360,false,true,true,false
214420,false,true,true,true
214490,true,true,true,true
214510,true,true,false,false
214550,false,true,false,true
214560,true,true,true,true
214730,false,true,false,false
214770,true,true,true,true
214790,false,true,true,false
214830,true,true,false,false
214870,false,true,true,true
214950,false,true,false,false
214970,false,true,false,true
215080,false,true,true,true
215100,false,true,false,false
215120,false,true,false,false
215160,false,true,true,true
215280,false,true,false,false
215470,false,true,false,false
215510,true,true,true,true
215530,true,true,false,false
215670,false,true,true,false
215690,true,true,false,false
215790,false,true,true,true
215830,false,true,false,false
215870,false,true,false,false
215930,false,true,true,true
216890,false,true,false,false
216910,true,true,false,false
217200,false,true,false,false
217750,false,true,false,false
217920,false,true,false,false
218060,true,true,true,true
218230,false,true,false,false
218410,true,true,true,true
218510,true,true,true,false
218620,true,true,false,true
218640,true,true,false,false
218680,false,true,false,false
218740,true,true,true,false
218820,true,true,true,true
219150,false,true,true,true
219340,false,true,true,false
219640,true,true,true,true
219680,true,true,true,true
219700,false,true,false,false
219740,true,true,true,true
219780,false,true,false,false
219830,false,true,true,true
219890,false,true,true,true
219910,false,true,true,true
219950,false,true,false,false
219990,true,true,false,false
220160,false,true,false,false
220200,false,true,true,true
220240,false,true,false,false
220260,false,true,true,false
220440,true,true,false,false
220660,false,true,false,false
220700,false,true,false,false
220740,false,true,true,true
220780,true,true,true,false
220820,true,true,false,false
220860,false,true,true,false
221040,false,true,false,false
221100,false,true,false,false
221260,false,true,true,true
221380,false,true,false,false
221540,true,true,false,false
221640,true,true,true,true
221680,false,true,true,false
221810,true,true,true,true
221910,true,true,true,true
222160,false,true,false,false
222480,true,true,false,false
222520,false,true,true,true
222730,false,true,true,true
222750,false,true,false,true
222880,true,true,true,true
222940,true,true,false,false
222980,true,true,false,false
223100,true,true,false,false
223470,true,true,true,true
223710,false,true,false,false
223750,false,true,false,false
223830,false,true,true,true
224260,false,true,false,true
224300,false,true,false,false
224460,true,true,false,false
224480,true,true,true,true
224500,false,true,true,true
224540,false,true,true,false
224600,false,true,false,false
224760,true,true,true,true
224860,true,true,true,true
224900,false,true,true,true
224920,false,true,false,false
224940,false,true,false,false
224960,false,true,false,false
224980,false,true,false,false
225000,false,true,false,false
225020,false,true,false,false
225080,true,true,false,false
225160,true,true,true,true
225260,true,true,true,true
225280,true,true,false,false
225300,false,true,false,false
225320,false,true,false,false
225420,false,true,true,true
225540,true,true,false,false
225600,false,true,true,true
225640,false,true,false,false
225840,false,true,false,false
226120,false,true,true,true
226580,true,true,false,false
226700,false,true,false,false
226720,true,true,false,false
226740,true,true,true,true
226840,false,true,true,true
226860,false,true,false,false
227080,true,true,true,true
227100,false,true,false,false
227180,false,true,false,false
227200,true,true,true,true
227220,false,true,false,false
227300,false,true,true,true
227480,false,true,false,false
227780,false,true,false,false
227860,false,true,true,true
227940,false,true,false,false
228200,false,true,false,false
228280,false,true,true,true
228300,true,true,false,false
228360,true,true,true,true
228380,false,true,false,false
228400,false,true,false,false
229480,true,true,false,false
230050,false,true,true,false
230190,false,true,true,true
230230,false,true,true,false
230270,true,true,true,true
230290,false,true,true,true
230410,false,true,false,false
230820,false,true,true,false
230980,false,true,true,false
231040,true,true,true,true
231060,false,true,false,false
231140,false,true,false,false
231160,true,true,true,true
231200,true,true,true,true
231430,false,true,true,true
231740,false,true,true,true
232010,false,true,true,false
232050,false,true,false,false
232090,true,true,false,false
232430,true,true,true,true
232450,false,true,true,true
232750,true,true,false,false
232770,true,true,true,true
232790,true,true,true,true
232810,false,true,true,false
232890,false,true,false,false
232910,false,true,false,false
233130,true,true,true,true
233150,true,true,true,true
233270,false,true,false,false
233290,true,true,false,false
233370,false,true,true,true
233450,false,true,true,true
233470,true,true,true,false
233610,false,true,true,true
233720,false,true,true,true
233740,true,true,true,true
233840,false,true,true,true
233860,false,true,false,false
233980,false,true,true,true
234080,true,true,false,false
234140,true,true,false,false
234190,false,true,true,true
234270,true,true,true,true
234330,false,true,false,false
234390,true,true,true,true
234630,false,true,false,false
234650,false,true,true,true
234670,true,true,false,false
234710,true,true,true,false
234940,false,true,true,true
241560,false,true,false,false
235210,true,true,false,false
235250,false,true,true,false
235320,false,true,false,false
235340,false,true,false,false
235400,false,true,false,false
235460,true,true,false,false
235540,false,true,false,false
235600,false,true,false,false
235720,false,true,true,false
235800,true,true,true,true
236090,true,true,true,true
236110,false,true,false,false
236370,false,true,true,true
236390,false,true,true,true
236430,true,true,false,false
236450,true,true,false,false
236510,true,true,false,false
236690,true,true,true,false
236730,false,true,true,true
236850,false,true,true,true
236870,true,true,true,true
237110,true,true,false,false
237310,false,true,false,false
237630,true,true,false,false
237850,true,true,true,true
237870,false,true,true,true
237930,true,true,true,true
237950,false,true,false,false
237990,true,true,true,false
238010,false,true,false,false
238050,false,true,true,false
238070,false,true,true,false
238090,true,true,false,false
238210,false,true,true,false
238240,false,true,false,false
238260,false,true,true,false
238280,true,true,true,true
238320,true,true,true,true
238370,true,true,true,true
238430,true,true,false,false
238460,true,true,true,true
238750,false,true,true,false
238910,false,true,true,true
238960,false,true,true,false
239030,false,true,true,true
239070,false,true,true,true
239120,false,true,false,false
239140,true,true,true,true
239160,true,true,true,false
239200,true,true,true,true
239250,true,true,false,false
239350,true,true,false,false
239430,false,true,true,true
239820,false,true,true,true
240320,false,true,false,false
240440,false,true,true,true
240720,false,true,true,true
240760,false,true,true,true
241240,false,true,true,true
241260,true,true,false,false
241540,true,true,false,false
241600,true,true,true,true
241910,false,true,true,true
241930,true,true,false,false
242050,false,true,false,false
242570,false,true,true,true
242640,true,true,false,false
242680,true,true,true,true
242700,true,true,false,false
242720,false,true,false,false
242760,false,true,false,false
242860,true,true,true,true
242880,false,true,false,true
242920,false,true,false,false
243040,false,true,false,false
243120,false,true,false,false
243200,false,true,true,false
243470,false,true,false,false
243780,true,true,true,true
243800,true,true,false,false
243930,true,true,false,true
243950,false,true,false,false
243970,false,true,true,true
244050,false,true,false,false
244070,false,true,false,false
244090,false,true,false,false
244160,false,true,false,false
244210,false,true,false,false
244450,false,true,false,false
244710,false,true,true,false
244770,false,true,true,true
244850,false,true,false,false
244930,true,true,false,false
245050,false,true,false,false
245170,true,true,true,true
245280,true,true,false,false
245390,false,true,true,true
245470,false,true,true,true
245490,false,true,false,false
245620,false,true,false,true
246070,true,true,true,true
246420,false,true,true,true
246580,false,true,false,false
246620,false,true,true,true
246840,false,true,false,false
246900,true,true,true,false
247000,true,true,true,false
247020,true,true,true,true
247080,true,true,true,true
247240,true,true,true,true
247430,false,true,false,false
247660,true,true,false,false
247730,false,true,false,false
247950,true,true,false,false
248390,false,true,true,false
248550,true,true,true,true
248570,false,true,true,true
248610,false,true,true,true
248650,false,true,false,false
248820,false,true,true,true
248860,false,true,true,true
249050,false,true,true,false
249130,true,true,false,false
249230,false,true,false,false
249590,true,true,true,true
249630,true,true,true,true
249650,false,true,false,false
249870,false,true,false,false
249990,true,true,true,true
250050,true,true,true,true
250180,true,true,false,false
250260,true,true,true,true
250320,true,true,false,false
250340,false,true,false,false
250400,true,true,false,false
250420,false,true,true,true
250460,true,true,true,true
250520,false,true,false,false
250600,false,true,true,true
250620,true,true,true,true
250760,true,true,true,true
250900,true,true,true,true
251060,false,true,true,true
251130,false,true,true,true
251150,false,true,false,false
251170,false,true,false,false
251410,true,true,true,true
251470,true,true,true,true
251530,false,true,true,true
251570,true,true,true,true
251730,false,true,true,false
251870,false,true,false,false
251950,false,true,true,false
251990,true,true,true,true
252030,false,true,true,false
252110,true,true,true,true
252130,false,true,true,false
252150,false,true,false,false
252330,false,true,true,false
252410,true,true,true,true
252470,true,true,true,true
252490,false,true,true,false
252530,true,true,false,false
252610,true,true,true,true
252630,true,true,false,true
252670,false,true,true,true
252870,true,true,true,true
252950,true,true,false,false
253030,true,true,true,true
253230,true,true,true,false
253250,false,true,true,false
253430,false,true,false,false
253710,false,true,false,false
253860,false,true,true,false
253900,false,true,true,true
253980,false,true,true,true
254060,false,true,true,false
254080,false,true,true,false
254440,true,true,false,false
254700,true,true,false,false
255070,true,true,false,false
255220,true,true,true,true
255300,true,true,true,true
255320,false,true,false,false
255420,false,true,false,false
255520,true,true,false,false
255710,false,true,true,true
256190,false,true,false,false
256290,false,true,false,false
257170,false,true,true,false
257350,false,true,true,true
257400,false,true,true,false
257420,false,true,false,false
257510,true,true,true,true
257730,false,true,true,false
257750,true,true,false,false
257850,true,true,true,true
258090,false,true,false,false
258180,true,true,false,false
258200,false,true,false,false
258520,true,true,false,false
258760,false,true,false,false
258890,true,true,true,true
258970,true,true,false,false
259130,false,true,true,true
259320,false,true,false,false
259530,true,true,true,true
259680,false,true,true,true
260230,false,true,false,false
260410,false,true,true,false
260430,false,true,true,false
260750,false,true,false,false
261030,true,true,true,false
261110,true,true,false,false
261180,true,true,true,true
261510,false,true,true,false
261530,true,true,false,true
261550,false,true,false,false
261570,true,true,false,false
261640,true,true,true,true
262060,false,true,true,true
262150,false,true,true,true
262280,false,true,false,true
262390,true,true,false,false
262410,false,true,true,true
262940,true,true,true,true
263060,false,true,true,true
263300,true,true,false,false
263500,false,true,true,true
263540,false,true,false,false
263620,true,true,false,false
263760,false,true,true,false
263980,true,true,true,false
264120,false,true,false,false
264140,false,true,true,true
264200,false,true,false,false
264240,false,true,false,false
264380,false,true,true,true
264710,true,true,true,false
265210,true,true,false,false
265300,false,true,false,false
265550,true,true,false,false
265590,false,true,false,false
265610,false,true,false,false
265630,false,true,true,true
265770,false,true,true,true
265890,false,true,true,true
265930,true,true,true,true
266010,false,true,true,true
266130,false,true,true,true
266150,false,true,false,false
266210,false,true,false,false
266310,false,true,false,false
266410,false,true,false,false
266430,false,true,false,false
266510,true,true,true,true
266840,false,true,false,false
267130,false,true,false,false
267490,true,true,false,false
267530,true,true,false,false
267750,false,true,true,true
267920,false,true,false,false
268050,true,true,false,false
268130,true,true,false,false
268420,false,true,false,false
268500,false,true,true,true
268540,false,true,true,true
268650,false,true,true,true
268750,false,true,true,true
268850,false,true,false,false
268870,false,true,true,true
268910,true,true,true,false
269210,true,true,true,true
269650,true,true,true,true
269670,true,true,true,true
269770,true,true,false,false
269790,false,true,false,true
269950,false,true,true,true
270150,false,true,true,true
270170,true,true,true,true
270210,true,true,true,true
270450,true,true,true,true
270550,true,true,false,false
270850,false,true,true,false
270880,false,true,true,true
271240,false,true,true,false
271500,false,true,false,false
271570,false,true,true,true
271590,true,true,false,false
271860,false,true,false,false
271920,false,true,false,false
272060,false,true,true,true
272230,false,true,false,true
272270,false,true,true,true
272470,true,true,false,false
272510,false,true,false,false
272890,true,true,true,true
273110,false,true,false,false
273350,true,true,false,false
274170,true,true,true,true
274190,true,true,true,true
274290,false,true,true,true
274310,true,true,true,true
274500,true,true,true,true
274520,true,true,true,true
274560,true,true,false,false
274620,true,true,false,false
274900,true,true,true,true
274920,false,true,false,false
274940,true,true,false,false
275200,true,true,true,false
275390,true,true,false,false
275470,false,true,false,false
275490,true,true,false,false
275670,false,true,true,true
275850,true,true,false,false
276810,false,true,false,false
277430,false,true,false,false
278080,false,true,false,false
278360,true,true,true,true
278460,false,true,true,true
278970,false,true,false,false
279640,false,true,false,false
279720,false,true,true,true
280160,true,true,true,true
280180,true,true,true,true
280220,false,true,true,true
280640,false,true,false,false
280680,false,true,false,true
280790,false,true,true,false
281610,false,true,true,false
281640,true,true,true,false
281750,true,true,true,true
281920,true,true,true,true
281990,false,true,true,true
282070,true,true,true,true
282100,false,true,false,false
282140,true,true,true,true
282210,false,true,true,false
282440,false,true,false,false
282560,true,true,false,false
282660,false,true,false,false
282800,false,true,false,false
282900,true,true,false,false
283290,false,true,false,false
283640,true,true,true,true
283880,false,true,false,true
284050,false,true,false,false
284160,false,true,false,false
284240,false,true,false,false
284930,true,true,false,false
284950,false,true,false,false
285010,false,true,false,false
285160,true,true,false,false
285190,false,true,true,true
285310,false,true,false,false
285330,false,true,false,false
285580,false,true,false,false
285800,true,true,true,true
285900,true,true,true,true
285920,false,true,true,true
286000,true,true,true,true
286040,false,true,true,false
286100,true,true,true,true
286120,false,true,true,false
286160,true,true,true,true
286260,false,true,true,true
286570,true,true,false,true
286690,true,true,true,true
286940,false,true,false,false
287100,true,true,false,false
287120,false,true,false,false
287290,true,true,false,false
287340,false,true,true,false
287390,true,true,true,true
287450,false,true,false,false
287630,true,true,false,false
287700,true,true,false,false
287920,false,true,false,false
287980,false,true,true,true
288160,false,true,false,false
288470,true,true,false,false
289070,false,true,true,true
289090,false,true,false,false
289130,false,true,true,false
289520,false,true,true,false
289650,false,true,false,false
289690,true,true,false,false
289780,false,true,false,false
289950,false,true,true,true
290080,false,true,false,false
290300,true,true,true,false
290340,true,true,true,true
290730,false,true,false,false
290770,true,true,true,true
290790,false,true,false,false
291480,false,true,false,false
291550,true,true,true,false
291650,false,true,true,true
291860,true,true,false,false
292030,true,true,false,false
292120,false,true,false,false
292140,false,true,false,false
292370,false,true,false,false
292380,false,true,true,false
292390,false,true,false,false
292410,false,true,false,false
292500,true,true,false,false
292570,true,true,false,false
292620,false,true,false,false
292630,false,true,false,false
292730,true,true,false,false
292910,false,true,true,true
292930,false,true,false,false
293180,false,true,false,false
293260,false,true,true,false
293540,false,true,false,false
293760,false,true,false,false
293780,true,true,true,true
294040,true,true,false,false
294100,false,true,true,true
294860,true,true,false,false
295110,false,true,false,false
295690,true,true,true,false
295790,true,true,true,true
296050,true,true,false,false
296300,false,true,true,true
296470,false,true,false,false
296490,false,true,false,false
296870,true,true,false,true
296910,true,true,true,false
296970,false,true,true,true
297000,false,true,false,false
297020,true,true,false,false
297130,true,true,true,false
297920,false,true,false,false
298050,false,true,true,true
298110,false,true,false,false
298160,false,true,true,false
298180,false,true,false,false
298260,false,true,true,true
298520,true,true,true,true
298600,false,true,true,true
298610,false,true,false,false
298630,false,true,true,true
298900,false,true,false,false
299260,false,true,true,false
299360,false,true,false,false
299480,true,true,false,true
299740,false,true,false,false
300040,false,true,false,false
300080,false,true,true,false
300380,true,true,true,true
300550,false,true,true,true
301520,false,true,true,true
301640,true,true,false,false
301690,false,true,false,false
301750,false,true,false,false
301860,true,true,false,false
301910,true,true,false,true
301970,true,true,true,true
302080,false,true,false,false
302380,false,true,true,true
302510,true,true,false,false
302590,false,true,false,false
302610,true,true,true,true
302670,false,true,false,false
302830,false,true,false,false
303210,false,true,true,true
303390,false,true,true,false
304050,false,true,false,false
304240,true,true,false,false
304390,false,true,false,false
304430,true,true,true,false
304530,true,true,false,false
304650,false,true,true,true
304730,false,true,true,true
304930,false,true,true,true
305050,true,true,true,true
305260,false,true,false,false
305620,true,true,true,true
305640,false,true,true,false
306020,false,true,true,false
306040,false,true,false,false
306130,false,true,true,false
306350,false,true,false,false
306410,false,true,false,false
306660,false,true,true,true
306760,false,true,true,false
307070,false,true,false,false
307110,false,true,false,true
307230,true,true,false,false
307290,false,true,true,false
307670,true,true,true,true
307690,true,true,true,false
307780,true,true,false,false
307880,false,true,false,false
307960,false,true,false,false
308040,true,true,true,true
308060,true,true,false,false
308420,true,true,true,true
308600,true,true,false,true
310060,true,true,true,true
310080,false,true,true,true
310370,true,true,true,true
310510,true,true,false,false
310560,true,true,true,true
310950,true,true,false,false
311210,true,true,true,false
311240,true,true,false,false
311260,false,true,false,false
311290,false,true,false,false
311340,true,true,false,false
311560,false,true,false,false
311690,true,true,true,true
311730,false,true,false,false
311860,false,true,false,false
312150,false,true,true,false
312280,true,true,true,true
312450,false,true,true,false
312520,true,true,false,false
312530,true,true,false,false
312610,true,true,false,false
312660,true,true,false,false
312670,true,true,false,false
312750,false,true,false,false
312840,true,true,true,true
312990,true,true,true,false
313010,false,true,false,false
313120,true,true,true,true
313140,false,true,false,false
313160,false,true,true,false
313340,false,true,true,true
313480,false,true,false,false
313500,false,true,false,false
313630,true,true,false,false
313690,true,true,false,false
313730,false,true,true,true
313740,false,true,true,true
314000,true,true,false,false
314010,false,true,false,false
314020,false,true,false,false
314160,false,true,false,false
314250,false,true,false,false
314280,false,true,true,true
314410,true,true,true,false
314450,true,true,false,false
314660,true,true,true,true
314710,true,true,true,true
314970,false,true,true,true
315430,false,true,false,false
316010,true,true,false,false
316790,true,true,true,true
317250,true,true,true,true
317360,false,true,false,true
317410,true,true,false,false
317470,false,true,false,false
318100,false,true,false,false
318430,true,true,true,false
318600,true,true,true,false
319180,false,true,false,false
319510,false,true,false,false
319570,true,true,false,false
319630,true,true,true,true
319830,false,true,false,false
319910,true,true,true,true
320040,true,true,true,true
320240,true,true,false,false
320300,false,true,true,false
320340,false,true,false,false
321150,false,true,true,false
321360,true,true,false,false
321400,false,true,false,false
321480,false,true,true,true
321800,false,true,true,true
321960,false,true,false,false
322110,true,true,false,false
322170,false,true,true,false
322190,true,true,true,true
322330,true,true,true,true
322500,true,true,true,true
322680,true,true,true,true
322770,false,true,false,false
322780,false,true,false,false
323060,false,true,true,false
323190,false,true,true,false
323320,true,true,false,true
323470,true,true,false,false
323580,true,true,true,true
323850,true,true,true,true
323910,false,true,false,false
324080,false,true,true,true
324310,false,true,true,false
324800,true,true,false,false
324810,false,true,false,false
325090,false,true,true,false
325610,false,true,false,true
326160,false,true,true,true
326360,false,true,true,true
326410,true,true,true,true
326460,false,true,true,true
326960,false,true,true,true
327030,true,true,true,true
327070,false,true,false,false
327140,false,true,false,false
327220,false,true,true,true
327410,false,true,true,true
327640,false,true,true,true
327690,false,true,false,false
327740,false,true,false,false
327890,true,true,true,false
328060,false,true,false,false
328080,false,true,true,true
329000,false,true,false,false
329050,true,true,false,false
329070,true,true,false,false
329110,false,true,false,false
329130,true,true,true,true
329380,false,true,false,false
329430,true,true,false,false
329440,true,true,false,false
330000,false,true,false,false
330020,true,true,true,true
330350,false,true,true,true
330830,true,true,false,false
330840,true,true,true,false
331120,false,true,false,false
331360,true,true,false,false
331470,false,true,true,true
331480,true,true,true,true
331600,false,true,false,false
331670,false,true,true,true
332070,false,true,true,false
332200,true,true,false,true
332310,true,true,false,false
332500,false,true,false,false
332570,true,true,true,true
332790,false,true,false,false
332800,false,true,false,false
332950,false,true,false,false
333250,false,true,true,true
333420,false,true,false,true
333600,false,true,false,false
333640,false,true,true,true
333930,false,true,false,false
333950,false,true,false,false
334210,true,true,false,false
334230,false,true,true,false
334920,false,true,false,false
335240,false,true,true,true
335300,true,true,false,false
335330,false,true,false,false
335430,false,true,false,false
335670,false,true,true,true
336510,false,true,true,false
336520,false,true,true,true
336670,false,true,false,false
337000,true,true,true,true
337320,true,true,true,true
337340,false,true,true,true
337410,false,true,false,false
337950,false,true,false,false
338180,false,true,false,false
338530,false,true,false,false
338540,false,true,false,false
339200,true,true,true,false
339280,false,true,true,true
339340,true,true,false,false
339400,false,true,true,false
339470,false,true,false,false
339600,false,true,true,false
339610,false,true,false,false
339800,false,true,true,true
340050,true,true,false,false
340170,true,true,false,false
340540,false,true,false,false
340810,false,true,false,false
340840,true,true,false,false
341000,false,true,true,false
341310,true,true,false,false
341500,true,true,false,false
341720,false,true,true,true
341800,true,true,true,true
341940,false,true,false,true
342150,true,true,false,false
342180,false,true,false,false
342200,false,true,false,false
342380,false,true,true,true
342480,false,true,true,true
342560,false,true,true,true
342570,false,true,false,false
342620,true,true,false,false
342980,false,true,true,true
343100,true,true,false,false
343360,false,true,true,false
343390,false,true,true,false
343440,true,true,true,true
343630,false,true,false,false
343710,true,true,false,false
343740,true,true,true,true
343780,false,true,false,false
344130,false,true,false,false
344230,false,true,false,false
344300,true,true,false,false
344760,false,true,false,false
345180,true,true,true,true
345260,false,true,false,false
345350,false,true,false,false
345390,false,true,false,false
345580,false,true,false,false
345650,false,true,true,true
345820,true,true,false,false
346010,false,true,true,true
346110,true,true,true,true
346120,true,true,false,false
346250,false,true,true,false
346330,false,true,true,true
346900,false,true,true,true
346940,false,true,true,true
347030,false,true,true,false
347560,true,true,false,false
348510,false,true,false,false
349040,true,true,false,false
349460,false,true,true,true
349700,false,true,false,false
349720,false,true,false,false
350080,false,true,false,false
350640,true,true,false,false
350810,false,true,false,false
351030,true,true,false,false
351140,true,true,true,true
351490,false,true,true,true
351640,false,true,false,false
351710,true,true,false,false
351920,false,true,false,false
351940,true,true,true,false
351970,true,true,false,false
352400,true,true,false,false
352460,false,true,true,false
352520,true,true,true,false
352720,false,true,true,true
353130,false,true,true,true
353270,true,true,false,false
353360,false,true,true,false
353640,false,true,true,true
354140,false,true,false,false
354240,false,true,true,true
354290,false,true,false,false
354380,false,true,false,false
354640,false,true,true,false
355050,true,true,true,true
355180,false,true,true,true
355790,true,true,false,false
355840,false,true,false,false
355920,false,true,false,false
356040,true,true,true,true
356130,false,true,false,false
356190,true,true,false,false
356310,false,true,false,false
356370,false,true,true,false
356400,true,true,false,false
356500,false,true,false,false
356570,true,true,true,true
356670,false,true,false,false
356880,false,true,false,true
357190,true,true,false,false
357280,true,true,true,true
357290,false,true,false,false
357480,false,true,false,false
357900,false,true,true,true
358130,false,true,true,true
359050,false,true,false,false
359310,true,true,true,false
359320,false,true,false,false
359550,false,true,false,false
359800,false,true,false,false
359870,false,true,false,false
359900,true,true,false,false
360170,true,true,false,false
360380,false,true,true,false
360430,true,true,true,false
360620,false,true,false,true
360640,false,true,true,true
360740,false,true,false,false
360830,true,true,true,true
360870,false,true,false,false
360890,false,true,false,false
360940,true,true,false,false
361190,true,true,true,true
361280,false,true,true,true
361300,true,true,true,true
361420,true,true,false,false
361630,false,true,false,false
361800,false,true,false,false
362490,false,true,false,false
362610,false,true,false,false
362620,false,true,true,true
362680,false,true,true,true
362890,false,true,false,true
362930,false,true,true,false
362960,false,true,true,true
363150,false,true,false,false
363440,true,true,false,false
363490,false,true,false,false
363680,false,true,false,false
363890,false,true,true,true
363930,true,true,true,true
363970,false,true,true,false
364360,false,true,true,true
364420,false,true,true,true
364470,false,true,true,false
364690,true,true,false,false
365300,false,true,false,true
365360,false,true,false,false
365450,false,true,true,true
365590,false,true,false,false
365670,false,true,true,true
365960,false,true,false,false
366090,false,true,true,true
366220,false,true,false,true
366250,true,true,false,false
367120,false,true,true,true
367450,false,true,true,true
367500,true,true,false,false
367520,true,true,true,true
367580,false,true,true,true
367670,true,true,false,false
368070,false,true,false,false
368230,true,true,true,true
368340,true,true,true,true
368360,false,true,true,false
368370,false,true,true,false
368500,false,true,false,false
368730,true,true,true,true
368990,false,true,false,false
369400,false,true,true,false
369990,false,true,true,true
370240,true,true,false,false
370360,false,true,true,true
370510,false,true,false,false
370770,true,true,false,false
370910,false,true,true,false
371330,false,true,true,true
371420,true,true,true,true
371460,false,true,false,false
371660,false,true,false,false
371970,false,true,true,true
372000,false,true,false,false
372360,true,true,false,false
372540,true,true,false,false
372800,false,true,true,true
373330,false,true,false,false
373390,false,true,true,false
373420,true,true,true,true
373770,false,true,false,false
374030,true,true,true,false
374040,false,true,false,false
374280,false,true,false,false
374320,true,true,false,false
374830,false,true,true,true
374900,true,true,true,true
375200,false,true,true,true
375230,false,true,false,false
375450,false,true,false,false
375480,true,true,false,true
375510,false,true,false,false
375530,true,true,false,false
375820,false,true,true,true
375910,false,true,false,false
375950,false,true,true,true
376210,false,true,false,false
376570,false,true,false,false
376730,false,true,true,true
376870,true,true,true,false
377160,true,true,false,false
377310,false,true,true,true
377530,false,true,false,false
377840,false,true,false,false
378100,false,true,true,false
378370,false,true,false,false
378540,true,true,false,false
378610,true,true,true,true
378860,false,true,false,false
379430,true,true,false,false
379720,false,true,false,false
380360,false,true,true,false
380600,true,true,true,true
380840,false,true,true,true
381140,true,true,false,false
381210,true,true,false,false
381940,false,true,false,false
381990,false,true,false,false
382110,false,true,false,false
382120,true,true,true,true
382310,false,true,false,false
382490,true,true,true,false
382560,true,true,false,false
382900,true,true,false,false
383080,false,true,false,false
383120,false,true,false,false
383150,true,true,false,true
383180,true,true,false,true
383230,false,true,true,true
383330,false,true,false,false
383580,false,true,false,false
383870,true,true,true,true
383980,true,true,false,false
384030,false,true,false,false
384180,true,true,false,false
384190,true,true,false,false
384300,false,true,false,false
384490,true,true,true,false
384980,false,true,true,true
385070,false,true,false,false
385080,false,true,false,false
385400,false,true,false,false
385710,true,true,true,true
385730,true,true,false,false
385760,true,true,false,false
385770,false,true,true,true
385800,false,true,false,false
386010,true,true,true,false
386070,false,true,true,true
386180,true,true,false,false
386280,true,true,true,true
386360,true,true,false,false
386620,true,true,true,true
386940,true,true,true,true
387290,true,true,false,false
387860,false,true,true,true
387970,false,true,true,true
387990,false,true,false,false
388090,false,true,false,false
388210,true,true,true,true
388410,true,true,false,false
388750,true,true,false,false
388880,true,true,true,true
389040,false,true,false,false
389430,false,true,false,false
389460,false,true,true,true
389570,false,true,true,false
389730,true,true,false,false
390560,true,true,true,true
390570,false,true,true,true
390670,false,true,false,false
391040,true,true,true,false
391070,false,true,false,false
391220,true,true,true,true
391260,true,true,false,false
391270,false,true,false,false
391460,false,true,false,false
391540,false,true,true,true
391720,false,true,true,true
391730,true,true,false,false
391780,false,true,false,true
392110,false,true,true,false
392160,true,true,false,true
393080,false,true,false,false
393380,false,true,false,false
393410,true,true,false,false
393420,false,true,true,false
393520,true,true,true,true
393530,false,true,true,false
394230,true,true,false,false
394310,false,true,true,true
394360,false,true,true,true
394380,false,true,true,true
394510,true,true,false,false
394690,false,true,false,false
394870,false,true,false,false
394970,false,true,true,true
395170,false,true,false,false
395520,false,true,true,false
396710,true,true,true,false
396750,true,true,true,true
396900,true,true,false,false
397060,false,true,true,true
397100,false,true,false,false
397340,false,true,true,false
397460,false,true,true,true
397500,true,true,false,false
397540,true,true,false,false
397720,false,true,false,false
397900,false,true,true,false
397950,true,true,true,true
398710,true,true,true,true
398850,false,true,true,true
399430,true,true,true,true
399790,true,true,false,false
399810,true,true,false,false
400040,false,true,false,false
400110,false,true,true,true
400170,true,true,false,false
400370,false,true,false,false
400630,true,true,true,false
400910,true,true,false,false
402130,true,true,false,false
402180,false,true,true,true
402390,true,true,true,true
402560,false,true,true,false
402570,false,true,false,false
402710,false,true,false,false
402840,false,true,true,false
403190,false,true,true,false
403560,false,true,false,false
403640,true,true,false,false
403900,false,true,false,false
403970,true,true,true,true
404410,false,true,true,true
404590,true,true,true,true
404680,true,true,false,false
404790,false,true,true,true
405310,true,true,false,false
405640,false,true,true,true
405710,true,true,false,false
405900,true,true,false,false
406150,true,true,true,true
406970,false,true,true,false
407060,false,true,false,false
407120,false,true,true,false
407130,false,true,true,false
407230,true,true,false,false
407330,true,true,true,true
407530,false,true,true,true
407900,true,true,false,false
408900,false,true,false,false
408930,false,true,false,false
409160,false,true,true,false
409510,false,true,false,false
409710,true,true,true,false
409720,true,true,true,false
410110,true,true,true,true
410210,false,true,false,false
410320,true,true,false,false
410380,false,true,true,false
410710,false,true,false,false
410900,false,true,false,false
410980,false,true,true,true
411300,true,true,false,false
412020,true,true,false,false
412170,false,true,false,false
412210,false,true,false,false
412470,false,true,false,false
412600,true,true,false,false
412830,false,true,false,false
412880,false,true,false,false
413150,true,true,true,true
413410,true,true,true,true
413420,true,true,true,true
414340,true,true,false,false
414530,false,true,false,false
414580,true,true,false,false
414700,true,true,false,false
415200,false,true,true,true
415660,false,true,false,false
415860,false,true,false,false
415880,true,true,false,false
415960,true,true,true,true
416600,true,true,true,true
416680,false,true,true,true
417290,true,true,false,false
417430,true,true,true,false
417860,false,true,true,true
417890,true,true,false,false
417910,false,true,false,false
418030,false,true,false,false
418070,false,true,false,false
418180,true,true,true,false
418240,true,true,true,true
418340,true,true,true,false
418370,true,true,false,false
418460,false,true,false,false
418530,true,true,false,false
419480,true,true,false,false
420110,false,true,false,false
420290,false,true,true,false
420530,false,true,true,true
420740,false,true,false,false
420790,true,true,true,true
420970,false,true,true,false
421020,true,true,true,true
421040,false,true,false,false
421050,false,true,true,true
421120,false,true,true,false
422250,false,true,true,true
422970,false,true,true,true
423580,false,true,true,false
423710,false,true,false,false
423880,false,true,true,true
424280,false,true,true,true
424370,false,true,false,false
424830,true,true,false,false
424840,true,true,false,false
425580,false,true,false,false
426000,false,true,true,true
427100,false,true,false,false
427190,true,true,false,false
427250,false,true,false,false
427270,false,true,false,false
427290,true,true,false,false
427520,false,true,true,true
427730,false,true,true,false
427820,true,true,false,true
427930,false,true,false,true
428550,true,true,true,true
428660,true,true,false,false
428690,true,true,true,true
428750,true,true,true,true
428950,false,true,false,false
429050,false,true,false,false
429180,false,true,false,false
429470,false,true,false,false
429540,false,true,false,false
429570,true,true,true,false
429660,true,true,false,false
429790,false,true,true,false
431240,false,true,true,true
431730,false,true,true,true
431930,true,true,false,false
431960,false,true,false,false
432470,false,true,true,false
433340,true,true,true,true
433350,false,true,false,false
433850,false,true,false,false
433950,true,true,true,true
434050,false,true,false,false
434170,true,true,true,true
434250,false,true,false,false
434420,true,true,false,false
434460,true,true,false,false
434570,true,true,false,false
434610,false,true,false,false
434650,true,true,true,false
434730,true,true,false,false
435150,true,true,true,false
435400,true,true,true,true
435530,true,true,true,true
435790,true,true,false,false
436110,false,true,false,false
436150,false,true,true,false
436180,true,true,false,false
436520,false,true,false,false
436820,false,true,false,false
437220,true,true,false,true
437900,true,true,false,false
437920,true,true,true,true
438020,false,true,false,false
438030,false,true,false,false
438040,false,true,true,false
438100,false,true,false,false
438180,false,true,false,false
438480,false,true,false,false
438490,true,true,false,false
438640,true,true,false,false
438680,false,true,true,false
438740,true,true,false,false
439190,true,true,false,false
439350,false,true,false,false
439700,false,true,false,false
440650,false,true,true,true
440900,true,true,false,false
441380,true,true,false,false
441870,false,true,false,false
442070,true,true,true,true
442120,true,true,false,false
442780,false,true,true,true
442810,false,true,false,false
443110,false,true,false,false
443580,false,true,false,false
443810,true,true,true,true
444090,true,true,false,false
444200,false,true,true,false
444220,true,true,true,true
444480,false,true,true,true
444490,false,true,false,false
444640,false,true,true,false
444930,true,true,true,true
445190,false,true,false,false
445220,false,true,true,true
445720,true,true,false,false
445980,true,true,true,true
446020,false,true,false,false
446030,false,true,false,false
446150,true,true,false,false
446800,false,true,true,true
447020,true,true,true,false
447040,false,true,false,false
447270,false,true,false,false
447530,false,true,true,true
447820,false,true,true,true
447850,false,true,false,false
447920,false,true,false,false
448070,false,true,true,false
448280,false,true,false,false
448470,false,true,true,true
448510,true,true,false,false
448630,false,true,false,false
448780,false,true,false,true
449140,false,true,true,true
449220,false,true,false,false
449540,false,true,true,false
449960,true,true,true,false
450390,false,true,false,false
450540,false,true,false,false
451020,true,true,true,true
451340,true,true,false,false
451520,false,true,false,false
451880,false,true,false,false
452060,true,true,false,false
453090,false,true,true,true
453480,false,true,true,false
453820,false,true,true,true
453850,false,true,false,false
453980,true,true,false,false
454200,false,true,false,false
454540,false,true,false,false
454650,true,true,false,false
454690,false,true,true,true
454910,false,true,false,false
456670,true,true,true,true
456750,false,true,false,false
457140,false,true,true,true
457330,false,true,false,false
457420,false,true,false,false
457550,false,true,false,false
458710,false,true,true,true
459220,true,true,false,false
459820,false,true,true,true
460120,true,true,false,false
460790,true,true,false,false
460810,true,true,false,false
460920,false,true,false,false
460930,false,true,false,false
460950,true,true,true,false
461560,false,true,true,false
461730,true,true,true,true
461880,false,true,true,true
461890,false,true,true,false
461910,false,true,false,true
461950,false,true,true,true
462770,true,true,true,true
462780,true,true,false,false
462930,false,true,true,false
463150,true,true,false,false
463220,false,true,true,false
463530,false,true,true,true
463710,false,true,true,false
464060,true,true,false,true
464780,false,true,true,false
464920,true,true,true,true
465520,false,true,false,false
465760,true,true,true,true
466170,false,true,true,true
466240,false,true,false,false
466300,false,true,true,true
466500,false,true,false,false
466560,false,true,true,true
466840,false,true,false,false
466910,false,true,true,false
467000,false,true,false,false
467370,false,true,true,false
467960,false,true,true,true
468250,false,true,false,false
468560,false,true,false,false
468700,false,true,false,false
468920,false,true,false,false
469600,false,true,true,false
469730,false,true,false,false
469820,true,true,true,false
469890,false,true,false,false
469990,false,true,false,false
470220,true,true,false,false
471550,true,true,false,false
471710,true,true,false,false
473560,false,true,false,false
473690,true,true,false,false
473770,true,true,true,true
474050,false,true,false,false
474750,true,true,true,true
474960,true,true,false,false
475150,false,true,false,false
475550,true,true,true,true
475630,false,true,false,false
476600,true,true,false,false
477160,true,true,true,false
477290,false,true,false,true
478980,false,true,true,false
479130,false,true,false,false
480430,false,true,false,false
480490,true,true,false,false
480650,true,true,false,false
481510,true,true,true,true
482730,false,true,true,true
482920,false,true,false,false
484950,false,true,false,false
485310,false,true,false,false
485330,false,true,false,false
485510,true,true,false,false
485610,false,true,true,false
485950,false,true,false,false
485980,false,true,false,false
486310,false,true,true,true
486480,false,true,false,false
487220,false,true,false,false
488210,false,true,false,false
488790,false,true,false,false
489220,false,true,false,false
489520,true,true,true,false
489630,false,true,false,true
489830,false,true,false,false
489940,false,true,false,false
490220,false,true,true,false
490980,false,true,false,false
491130,false,true,false,false
491530,false,true,false,false
491650,true,true,false,false
491950,false,true,true,true
492720,true,true,true,true
493200,true,true,false,false
493340,false,true,true,false
493370,false,true,true,false
493490,true,true,false,false
493520,false,true,false,false
493650,false,true,false,false
493900,true,true,true,true
494840,false,true,false,false
495420,false,true,false,false
495890,false,true,false,false
495910,false,true,false,false
496240,false,true,false,false
496300,true,true,true,true
496460,false,true,false,false
496680,false,true,true,true
496750,false,true,false,false
497050,false,true,false,false
497180,false,true,false,false
497640,false,true,false,false
498240,true,true,false,false
498320,false,true,false,false
499420,false,true,false,false
499520,true,true,false,false
500810,false,true,false,false
500980,false,true,false,false
501300,true,true,false,false
501590,true,true,false,false
502090,false,true,false,false
502140,false,true,false,false
502500,true,true,false,false
502550,false,true,true,false
503300,false,true,true,false
503560,false,true,true,false
503770,false,true,false,false
503820,false,true,false,false
503940,true,true,false,true
504130,true,true,true,true
504210,false,true,true,true
504230,true,true,true,true
504370,false,true,false,false
504490,false,true,true,true
505170,true,true,false,false
505230,true,true,false,false
505460,false,true,false,false
506140,false,true,false,false
506610,false,true,false,false
506670,false,true,false,false
507380,false,true,false,false
507490,false,true,false,false
508290,false,true,false,false
508390,true,true,true,true
508440,false,true,true,false
509980,false,true,false,false
510630,false,true,true,false
510840,true,true,false,true
511470,false,true,true,false
511800,false,true,true,true
512250,false,true,true,true
512470,false,true,true,true
512640,false,true,false,false
512900,true,true,true,true
513000,false,true,false,false
513450,true,true,false,false
513510,false,true,true,true
513560,false,true,true,true
513590,false,true,false,false
513620,true,true,true,true
513710,false,true,false,false
513780,false,true,false,false
514660,true,true,true,true
514900,false,true,true,true
514970,false,true,false,false
515180,true,true,false,false
515220,true,true,true,true
515470,false,true,false,false
515690,false,true,false,false
516510,false,true,false,false
516750,false,true,false,false
517630,true,true,false,false
517710,true,true,false,false
517790,false,true,false,false
518030,false,true,false,false
518150,false,true,true,false
518580,false,true,false,false
518790,true,true,false,false
518800,false,true,false,false
519140,false,true,false,false
519190,false,true,false,false
519860,true,true,true,true
520440,true,true,false,false
521200,false,true,false,false
521890,true,true,false,false
522090,false,true,false,false
522210,true,true,true,true
522470,false,true,true,false
522570,false,true,false,false
523660,true,true,false,false
524220,false,true,false,false
526160,true,true,false,false
526740,false,true,false,false
526870,false,true,false,false
527230,true,true,true,true
527430,true,true,false,false
527750,false,true,false,false
527760,true,true,false,false
527770,true,true,false,false
528230,true,true,false,false
528510,false,true,false,false
528670,true,true,false,false
529110,false,true,true,true
529180,false,true,false,false
529240,false,true,false,false
529840,false,true,true,true
529920,false,true,false,false
530070,true,true,false,false
530330,false,true,true,false
530620,true,true,false,false
530700,false,true,false,false
530890,true,true,false,false
531510,true,true,true,true
531640,false,true,true,false
532210,true,true,true,true
532840,false,true,true,true
533300,false,true,false,false
533540,false,true,false,false
533780,false,true,true,true
534220,false,true,false,false
535230,false,true,false,false
535480,true,true,true,true
535760,false,true,false,false
535930,false,true,true,true
536220,true,true,false,false
536930,true,true,false,false
537180,false,true,false,false
537800,true,true,true,true
539440,false,true,true,false
539470,true,true,true,true
540020,false,true,false,false
540840,true,true,true,true
541570,true,true,true,true
542340,false,true,false,false
543460,true,true,false,false
543900,true,true,false,false
544330,true,true,false,false
544550,false,true,false,false
544730,false,true,true,false
544750,false,true,false,false
544810,false,true,false,false
544920,true,true,false,false
545270,true,true,false,false
545650,false,true,true,true
545700,false,true,false,false
546050,true,true,false,false
546430,false,true,true,true
546560,false,true,false,false
546700,false,true,true,false
546980,false,true,false,false
547680,false,true,true,false
547960,false,true,false,false
548430,true,true,false,false
548570,false,true,false,false
550010,false,true,true,true
550470,false,true,false,false
550650,false,true,false,false
550900,false,true,false,false
551170,false,true,false,false
551550,false,true,false,false
552100,false,true,false,false
552500,false,true,false,false
552520,false,true,false,false
552620,true,true,true,true
552990,false,true,false,false
553310,true,true,true,true
553640,true,true,true,false
553790,false,true,false,false
554620,true,true,true,true
555160,false,true,false,false
555210,false,true,true,true
555220,false,true,true,true
555570,false,true,false,false
556160,false,true,false,false
557180,false,true,false,false
557340,true,true,false,false
557400,false,true,true,false
557600,false,true,true,false
557780,false,true,false,false
558100,false,true,false,false
558990,false,true,true,true
559100,false,true,false,false
559650,true,true,false,false
560130,false,true,true,true
560260,true,true,false,false
561340,false,true,false,false
562010,false,true,true,false
562240,false,true,false,false
562270,false,true,false,false
562360,true,true,false,false
562590,false,true,true,false
562810,true,true,false,false
562860,true,true,false,true
563120,false,true,false,false
563560,false,true,false,false
564530,false,true,false,false
564710,false,true,false,false
565860,false,true,false,false
566050,false,true,false,false
567630,false,true,false,false
567640,true,true,false,false
568220,false,true,false,false
568570,false,true,false,false
568770,false,true,true,true
569480,false,true,true,true
570770,false,true,false,false
570780,false,true,false,false
570840,false,true,true,true
570940,true,true,false,false
571740,false,true,false,false
572410,false,true,false,false
572520,false,true,false,false
572890,false,true,true,true
573090,false,true,true,false
574820,false,true,false,false
575490,false,true,false,false
575550,false,true,true,false
575720,false,true,false,false
575860,false,true,false,false
576120,false,true,false,false
576470,false,true,false,false
577460,true,true,false,false
577800,true,true,false,false
578080,false,true,false,false
578310,false,true,true,true
578330,true,true,false,false
578620,false,true,false,false
578650,true,true,false,false
581130,false,true,false,false
581320,false,true,false,false
581630,false,true,false,false
582010,false,true,false,false
582160,false,true,false,false
582500,false,true,true,false
582890,true,true,true,true
583950,false,true,true,true
584400,true,true,false,false
584980,true,true,true,false
585420,true,true,false,false
585550,false,true,false,false
585560,false,true,false,false
585690,true,true,false,false
586030,false,true,false,false
586140,true,true,false,false
586380,false,true,false,false
586620,false,true,false,false
586980,false,true,false,false
587620,true,true,false,false
587790,false,true,true,false
587860,true,true,false,false
588140,false,true,false,false
588430,true,true,false,false
588650,true,true,true,true
589290,false,true,false,false
589360,true,true,false,false
589590,true,true,true,true
589780,false,true,true,true
589870,false,true,false,false
590380,true,true,true,true
591740,false,true,false,false
591960,false,true,true,false
592580,true,true,false,false
592600,true,true,false,false
593280,true,true,true,false
593600,false,true,false,false
594570,false,true,true,true
594650,true,true,false,false
595280,false,true,false,false
595320,false,true,false,false
595520,true,true,false,false
596970,true,true,true,true
597170,true,true,true,false
597220,true,true,true,true
597760,true,true,false,false
598330,false,true,true,true
598700,true,true,false,false
598810,false,true,false,false
599140,true,true,true,true
599390,false,true,true,true
599460,false,true,true,true
599750,false,true,true,true
600750,false,true,false,false
601150,true,true,false,false
601430,false,true,false,false
601510,false,true,false,false
601840,false,true,false,false
602520,false,true,false,false
602890,false,true,false,false
602960,false,true,true,true
603360,false,true,true,true
603850,false,true,false,false
604240,true,true,true,true
604500,false,true,true,true
604990,true,true,false,false
605740,false,true,true,false
606140,false,true,false,false
606150,true,true,true,true
606280,true,true,false,false
606330,false,true,false,false
606800,false,true,true,true
606870,true,true,false,false
606880,true,true,false,false
607050,true,true,false,false
607260,false,true,true,true
607890,false,true,false,false
608990,false,true,true,true
609320,true,true,true,false
610080,false,true,true,false
610180,true,true,true,true
610670,false,true,true,true
611020,false,true,false,false
611500,false,true,false,false
611660,false,true,false,false
611670,true,true,false,false
611790,false,true,false,false
612020,false,true,false,false
612070,false,true,true,false
612170,true,true,true,true
612880,true,true,false,false
613010,false,true,true,false
613100,true,true,true,false
613830,false,true,false,false
614570,true,true,false,false
616560,false,true,false,false
617290,true,true,false,false
617830,false,true,false,false
618140,false,true,false,false
618740,false,true,false,false
619080,false,true,false,false
619150,false,true,true,true
619400,false,true,false,false
619910,false,true,false,false
620590,true,true,false,false
620980,false,true,false,false
621060,false,true,false,false
622650,true,true,true,true
625340,false,true,false,false
625960,false,true,false,true
626680,false,true,false,false
626690,false,true,false,false
627270,true,true,false,false
627690,false,true,true,false
629520,false,true,false,false
629730,false,true,false,false
629760,false,true,false,false
629910,false,true,true,false
630100,false,true,false,false
631510,true,true,false,false
632350,true,true,false,false
632360,true,true,false,false
632470,true,true,true,false
633230,false,true,false,false
633460,true,true,true,true
635260,true,true,false,false
635730,false,true,true,false
635880,false,true,false,false
636040,false,true,true,false
636150,true,true,false,false
636480,false,true,true,true
637090,false,true,true,true
637100,true,true,false,false
637650,true,true,false,false
637850,false,true,false,false
638070,false,true,false,false
638230,true,true,false,false
638490,false,true,false,false
638970,true,true,false,false
639790,true,true,false,false
640150,false,true,true,true
640590,true,true,false,false
640820,false,true,true,true
641320,false,true,false,false
641960,false,true,false,false
641990,true,true,true,true
642390,false,true,true,false
643270,false,true,true,false
644560,false,true,true,false
644570,false,true,false,false
644830,true,true,false,false
644930,false,true,false,false
645260,false,true,false,false
645630,false,true,true,false
646570,true,true,true,true
646910,false,true,false,false
647830,true,true,true,false
647960,false,true,true,true
648120,false,true,false,false
648350,true,true,false,false
648390,false,true,false,false
648430,false,true,false,false
648800,false,true,false,false
649190,true,true,false,false
650000,false,true,false,false
650700,false,true,false,false
652410,false,true,false,false
652980,false,true,false,false
653530,true,true,true,false
654880,false,true,true,true
654990,false,true,false,false
657200,false,true,false,false
658570,false,true,false,false
658850,false,true,true,true
662320,false,true,false,false
663380,false,true,true,false
663390,false,true,true,true
664430,true,true,false,false
665180,false,true,false,false
665360,false,true,true,false
666140,true,true,false,false
666220,false,true,true,true
666860,false,true,false,false
667530,false,true,false,false
667870,false,true,true,true
667890,false,true,true,true
668630,false,true,false,false
669580,false,true,true,false
670290,false,true,false,false
671440,false,true,true,true
671510,false,true,false,false
671610,false,true,true,true
672640,true,true,false,false
672680,false,true,true,false
673130,true,true,false,false
673950,true,true,true,true
674020,false,true,false,false
674500,false,true,false,false
674750,true,true,false,false
674940,false,true,true,false
675010,true,true,false,false
675260,true,true,false,false
677120,false,true,false,true
677160,false,true,true,false
677620,true,true,false,false
678800,true,true,true,false
678950,true,true,false,false
678960,false,true,false,false
679900,false,true,true,false
680320,false,true,false,false
680360,false,true,true,true
680420,true,true,false,false
680780,false,true,false,false
681280,true,true,true,true
681660,false,true,false,false
682130,false,true,false,false
682990,false,true,false,false
683320,true,true,true,false
684410,true,true,true,true
684680,true,true,false,false
686200,true,true,false,false
686810,false,true,false,false
688420,true,true,true,false
688470,false,true,false,false
689580,false,true,false,false
690040,false,true,true,true
690510,false,true,false,false
690530,false,true,false,false
690640,true,true,false,false
690790,true,true,false,false
690830,false,true,false,false
691020,false,true,false,false
692850,true,true,false,false
695920,false,true,true,false
696170,false,true,false,false
696370,false,true,false,false
698780,false,true,true,false
699170,true,true,true,true
700030,false,true,false,false
700330,false,true,false,false
700600,true,true,false,false
701160,true,true,true,true
702670,true,true,true,false
702810,true,true,true,true
703080,false,true,false,false
703860,true,true,false,false
703950,false,true,true,false
704270,false,true,false,false
704430,false,true,false,false
704450,false,true,true,true
704850,false,true,true,false
705120,false,true,false,false
705220,false,true,true,false
706990,false,true,false,false
707010,false,true,false,false
707680,false,true,true,false
708420,false,true,true,false
710920,true,true,false,false
711810,false,true,true,true
712050,false,true,false,false
712100,false,true,true,true
714010,true,true,false,false
715210,false,true,false,false
718560,false,true,true,false
718670,false,true,true,true
718850,false,true,true,false
719040,false,true,true,true
719890,false,true,false,false
721420,true,true,false,false
723780,true,true,false,false
724970,false,true,false,false
728530,false,true,false,false
728540,false,true,false,false
728730,false,true,true,true
728880,true,true,true,true
729040,false,true,false,false
730310,true,true,false,false
731490,false,true,false,false
732370,true,true,true,false
732430,false,true,false,false
732690,false,true,false,false
732730,false,true,true,false
734580,false,true,false,false
734750,false,true,true,false
735850,false,true,true,false
736190,false,true,true,false
736220,false,true,false,false
736260,true,true,true,true
737800,true,true,false,false
738060,false,true,false,false
738520,true,true,false,false
738540,true,true,false,false
739630,true,true,false,false
741260,false,true,true,false
742120,true,true,false,false
742300,true,true,false,false
743090,true,true,false,false
743370,false,true,true,false
743450,false,true,true,true
744900,false,true,false,false
745920,true,true,false,false
746850,true,true,false,false
748940,false,true,false,false
750920,true,true,true,true
751780,true,true,false,false
752590,true,true,false,false
753420,true,true,true,false
753640,true,true,false,false
753650,false,true,false,false
754530,false,true,false,false
755790,false,true,false,false
755800,false,true,true,false
757130,false,true,false,false
757240,false,true,false,false
758190,false,true,false,false
760060,true,true,false,false
760510,true,true,false,false
760620,true,true,true,false
761890,false,true,true,true
763410,false,true,true,false
764030,false,true,false,false
764050,false,true,false,false
764790,true,true,false,false
766570,false,true,false,false
767560,false,true,false,false
769560,false,true,false,false
770240,false,true,false,false
771060,false,true,false,false
773951,false,true,false,false
774171,true,true,true,false
774241,true,true,false,false
774361,true,true,true,true
774861,true,true,false,false
777130,false,true,true,true
778700,false,true,true,true
779340,false,true,true,true
779650,false,true,false,false
782330,false,true,false,false
783770,false,true,false,false
784150,false,true,false,false
784950,false,true,true,false
785740,true,true,true,true
787480,false,true,false,false
787860,true,true,true,false
788100,false,true,false,false
788260,false,true,false,false
788770,false,true,true,false
790710,false,true,false,false
790740,false,true,true,false
790820,true,true,false,false
791930,false,true,false,false
792220,false,true,false,false
792300,true,true,false,false
793350,true,true,false,false
793460,false,true,true,false
794260,false,true,false,false
794540,false,true,true,false
794600,false,true,false,false
795100,true,true,true,false
795580,false,true,false,false
795630,false,true,false,false
797410,true,true,false,false
797430,false,true,true,false
798420,false,true,false,false
799960,false,true,false,false
800270,false,true,true,false
802200,true,true,false,false
803330,true,true,false,false
804490,false,true,false,false
805550,false,true,false,false
805850,false,true,true,true
808290,false,true,false,false
809140,false,true,false,false
809960,false,true,false,false
812140,false,true,false,false
812810,false,true,true,true
813630,true,true,false,false
813780,false,true,false,false
813820,false,true,false,false
814380,true,true,false,false
814480,false,true,false,false
814540,false,true,false,false
815370,false,true,false,false
815940,false,true,false,false
816020,true,true,false,false
816090,true,true,false,false
816340,false,true,true,true
822240,false,true,false,false
823130,false,true,false,false
823500,false,true,false,false
824270,false,true,false,false
825310,false,true,false,false
826630,false,true,false,false
829590,false,true,false,false
831450,false,true,false,false
834530,true,true,false,false
834910,true,true,false,false
835860,false,true,false,false
837380,true,true,false,false
837470,true,true,true,false
838350,false,true,false,false
838380,true,true,false,false
839200,false,true,false,false
839770,true,true,true,false
840260,false,true,true,false
840800,false,true,false,false
841370,true,true,false,false
843380,true,true,true,false
844870,true,true,false,false
845070,true,true,false,false
847370,true,true,false,false
848450,true,true,true,false
851100,false,true,false,false
851850,true,true,false,false
853770,false,true,false,false
857980,true,true,true,false
858810,false,true,true,false
859570,false,true,false,false
859580,false,true,true,true
860510,true,true,false,false
861540,true,true,true,true
861650,true,true,false,false
862690,true,true,true,true
863550,true,true,false,false
865360,false,true,true,false
866440,false,true,true,true
866800,true,true,false,false
867290,false,true,false,false
868020,false,true,false,false
868360,false,true,true,true
869760,false,true,false,true
870780,true,true,false,false
871720,false,true,false,false
872790,false,true,true,false
874240,false,true,false,false
875310,true,true,false,false
876330,false,true,false,false
877200,false,true,false,false
878750,false,true,true,false
879160,false,true,false,false
880850,false,true,false,false
880940,true,true,false,false
881100,false,true,false,false
882100,false,true,false,false
883710,true,true,false,false
883860,false,true,false,false
884660,true,true,false,false
886250,false,true,false,false
888090,false,true,false,false
892970,false,true,false,true
893030,false,true,false,false
893180,true,true,false,false
893520,false,true,false,false
893850,false,true,true,true
895400,false,true,false,false
896590,false,true,true,false
897330,false,true,true,false
897450,true,true,false,false
900270,true,true,false,false
903950,false,true,false,false
906100,true,true,false,false
908500,false,true,false,false
908520,false,true,false,false
909080,false,true,true,false
911400,false,true,false,false
914620,false,true,false,false
915320,true,true,true,false
916440,false,true,false,false
920490,false,true,false,false
921060,false,true,false,false
921390,false,true,false,false
921570,true,true,false,false
921590,true,true,false,false
921630,false,true,false,false
922320,false,true,true,false
922460,false,true,true,false
924140,false,true,false,false
927380,true,true,false,false
928600,true,true,false,false
931690,false,true,true,true
933110,false,true,false,false
934840,false,true,false,false
935270,false,true,false,false
937170,false,true,true,false
939850,true,true,false,false
939960,false,true,false,false
942970,false,true,true,false
945360,false,true,false,false
945490,true,true,false,false
946050,false,true,true,false
950100,false,true,false,false
950890,false,true,true,true
952060,true,true,false,false
952070,true,true,false,false
952860,false,true,false,false
953490,true,true,true,true
954740,true,true,false,false
955050,false,true,false,false
955900,false,true,false,false
959080,true,true,true,true
960090,false,true,true,false
960170,false,true,false,false
960910,true,true,false,false
960990,true,true,false,false
962130,true,true,false,false
962730,false,true,false,false
967050,true,true,true,false
969990,true,true,false,false
970830,true,true,true,false
972660,true,true,true,true
973580,false,true,false,false
973760,true,true,false,false
976310,true,true,false,false
976730,true,true,false,false
976800,false,true,false,false
977400,false,true,true,false
977950,false,true,true,false
979060,false,true,true,false
979080,false,true,false,false
984110,true,true,false,false
985890,true,true,true,true
987350,false,true,false,false
991780,false,true,false,false
992300,true,true,false,false
992310,true,true,true,true
993870,false,true,false,false
994280,false,true,false,false
994930,false,true,false,false
996470,false,true,false,false
996580,true,true,false,false
997070,true,true,false,false
999220,true,true,false,true
999730,false,true,false,false
1000010,false,true,false,false
1002970,true,true,false,false
1007040,true,true,false,false
1008710,false,true,false,false
1010750,false,true,false,false
1012880,true,true,true,false
1013320,false,true,true,true
1015500,true,true,false,false
1016920,true,true,true,true
1017900,false,true,false,false
1021950,false,true,false,false
1022450,false,true,false,true
1024380,false,true,false,false
1024480,false,true,false,false
1024890,false,true,false,false
1025580,false,true,true,false
1026820,false,true,false,false
1030830,true,true,false,false
1030840,true,true,false,false
1036700,false,true,false,false
1041320,false,true,false,false
1044200,false,true,true,false
1046030,false,true,true,true
1046930,false,true,true,true
1048540,false,true,false,false
1049410,true,true,true,true
1049590,false,true,false,false
1049800,false,true,false,false
1056640,false,true,false,false
1056960,false,true,false,false
1057090,true,true,false,false
1057240,false,true,false,false
1057700,false,true,false,false
1057850,false,true,false,false
1058020,false,true,false,false
1058640,false,true,false,false
1061090,true,true,false,false
1064610,true,true,true,false
1066780,false,true,true,true
1067310,true,true,false,false
1067600,false,true,false,false
1067800,false,true,false,false
1067900,true,true,true,false
1071870,true,true,false,false
1072390,false,true,true,false
1072920,false,true,false,false
1073390,true,true,false,false
1078730,false,true,false,false
1080110,true,true,false,false
1084520,false,true,true,false
1085660,true,true,false,false
1086640,false,true,false,false
1086940,false,true,true,false
1088150,false,true,true,true
1089090,true,true,false,false
1089130,false,true,false,true
1089350,true,true,false,false
1089980,false,true,true,false
1091500,false,true,false,false
1092660,true,true,false,false
1094030,false,true,false,false
1094520,false,true,false,false
1094710,false,true,false,false
1096530,false,true,false,false
1096710,false,true,false,false
1097150,true,true,false,false
1097420,false,true,true,false
1097840,false,true,false,false
1100260,false,true,false,false
1100600,false,true,true,false
1102190,true,true,false,false
1104450,false,true,true,false
1104640,false,true,false,false
1106530,false,true,false,false
1106840,false,true,false,false
1106850,false,true,true,false
1112400,false,true,false,false
1113000,true,true,false,false
1114940,false,true,false,false
1115690,false,true,true,false
1116960,false,true,false,false
1118200,false,true,false,false
1120810,true,true,false,false
1121910,false,true,true,false
1126290,false,true,false,false
1127400,false,true,true,true
1128000,false,true,false,false
1128810,false,true,true,false
1129580,true,true,false,false
1133730,false,true,false,false
1136160,false,true,false,false
1139900,false,true,false,false
1140620,false,true,false,false
1142500,false,true,true,false
1145360,true,true,true,false
1147550,false,true,false,false
1147560,true,true,true,true
1147690,false,true,false,false
1148590,false,true,false,false
1148650,false,true,false,false
1150690,true,true,true,false
1151080,false,true,true,true
1151340,false,true,false,false
1151640,true,true,false,false
1154790,true,true,false,false
1158310,false,true,true,true
1158980,false,true,true,false
1159660,false,true,true,true
1160220,true,true,false,false
1161580,true,true,false,false
1162520,false,true,true,false
1162930,false,true,false,false
1164850,false,true,false,false
1167630,false,true,false,false
1168280,true,true,false,false
1170880,false,true,false,false
1172380,true,true,false,false
1172470,true,true,false,false
1172620,false,true,false,false
1173370,false,true,false,false
1173690,true,true,false,false
1174180,false,true,false,false
1178030,false,true,false,false
1178490,false,true,false,false
1179680,false,true,true,true
1180380,false,true,false,false
1182020,false,true,true,false
1183840,false,true,false,true
1188930,false,true,false,false
1189630,true,true,false,false
1190460,true,true,false,false
1191330,false,true,false,false
1195460,true,true,false,false
1201240,false,true,false,false
1203630,false,true,false,false
1207590,false,true,false,false
1209040,false,true,false,false
1209490,true,true,false,false
1210250,true,true,false,false
1213210,false,true,false,false
1214280,false,true,false,false
1217060,false,true,false,false
1218250,false,true,false,false
1218740,false,true,false,false
1220010,false,true,false,false
1222140,true,true,false,false
1222670,false,true,false,false
1222680,true,true,false,false
1222690,true,true,false,false
1222700,true,true,false,false
1222730,true,true,false,false
1225330,true,true,false,false
1225560,true,true,false,false
1226470,false,true,false,false
1227800,false,true,false,false
1229490,false,true,false,false
1230410,false,true,false,false
1233550,true,true,false,false
1233570,true,true,false,false
1235140,true,true,false,false
1236990,true,true,true,false
1237950,false,true,false,false
1237970,true,true,false,false
1238000,true,true,false,false
1238060,false,true,false,false
1238080,true,true,false,false
1238810,true,true,false,false
1238820,true,true,false,false
1238840,true,true,false,false
1238860,true,true,false,false
1241100,false,true,false,false
1241110,false,true,false,false
1250410,true,true,false,false
1250870,false,true,true,false
1252780,false,true,true,false
1253950,true,true,false,false
1258080,false,true,false,false
1259970,false,true,false,false
1262240,true,true,false,false
1262540,true,true,false,false
1262560,false,true,false,false
1262580,false,true,false,false
1263850,false,true,true,false
1264670,false,true,false,false
1266680,true,true,false,false
1273710,true,true,false,false
1274450,false,true,false,true
1274570,false,true,true,false
1275630,false,true,false,false
1281800,false,true,true,false
1282690,true,true,false,false
1282730,false,true,true,true
1283220,false,true,false,false
1284410,false,true,false,false
1285670,false,true,false,false
1286830,false,true,false,false
1288310,true,true,false,false
1289310,false,true,true,true
1291340,false,true,true,false
1292630,false,true,false,false
1293230,false,true,true,true
1293830,true,true,false,false
1301720,false,true,false,false
1307550,false,true,false,false
1313860,true,true,false,false
1325200,false,true,false,false
1325400,false,true,false,false
1326700,false,true,true,false
1335200,false,true,false,false
1340530,false,true,false,false
1342330,false,true,false,false
1343370,false,true,false,false
1343400,false,true,false,false
1344350,false,true,false,false
1353950,false,true,true,false
1358880,false,true,false,false
1359090,false,true,false,false
1361000,false,true,true,false
1362420,false,true,false,false
1363430,false,true,false,false
1364960,false,true,false,false
1366540,false,true,false,false
1368620,false,true,true,false
1372640,false,true,true,false
1373500,false,true,false,false
1377380,false,true,false,false
1380400,true,true,false,false
1393960,false,true,false,false
1395560,false,true,false,false
1397920,false,true,false,false
1399760,false,true,false,false
1399780,false,true,false,false
1401750,false,true,false,false
1404210,false,true,false,false
1408720,false,true,true,false
1423410,false,true,false,false
1426210,true,true,false,false
1427150,false,true,false,false
1436440,false,true,false,false
1436930,false,true,false,false
1444740,false,true,false,false
1448530,false,true,false,false
1468260,false,true,false,false
1468810,false,true,false,false
1469330,false,true,false,false
1475380,false,true,false,false
1506630,false,true,false,false
1516320,false,true,false,false
1533390,false,true,false,false
1536610,false,true,true,true
1546540,false,true,false,false
